id,priority_date,cite_number
JP-6710401-B1,05/12/2019,40.0
JP-6705064-B1,26/07/2017,57.0
JP-6664551-B1,27/06/2017,37.0
JP-6675518-B1,21/03/2017,18.0
JP-2023082161-A,11/04/2017,65.0
JP-2023103330-A,07/06/2017,55.0
JP-2023065542-A,29/07/2016,55.0
JP-2023038226-A,07/12/2018,116.0
JP-2023038224-A,07/12/2018,116.0
JP-2023038225-A,07/12/2018,116.0
JP-2023036931-A,07/06/2017,55.0
JP-2022166214-A,23/02/2016,80.0
JP-2022126777-A,23/02/2016,81.0
JP-2022123064-A,24/08/2017,
JP-2022180596-A,24/07/2017,
JP-2022091923-A,07/06/2017,
JP-2023051935-A,14/06/2017,
JP-2023073391-A,05/12/2019,
JP-2021131870-A,03/04/2018,
JP-2023089101-A,26/05/2017,
JP-2023072051-A,26/05/2017,
JP-2021012739-A,23/02/2016,
JP-2023036794-A,26/05/2017,
JP-2022533770-A,22/05/2019,
JP-2022132450-A,03/07/2018,
JP-2022514466-A,07/12/2018,
JP-2021089640-A,05/12/2019,
JP-2019207729-A,21/05/2015,
JP-2023089260-A,29/07/2016,
JP-2022058653-A,29/07/2016,
JP-2021507555-A,27/06/2018,
JP-2021512379-A,27/06/2018,
JP-2022506460-A,29/10/2018,
JP-2021507557-A,03/04/2018,
JP-2021504847-A,03/04/2018,
JP-2021520011-A,30/03/2018,
JP-2020528224-A,26/04/2019,
JP-2021518592-A,14/03/2018,
JP-2022177273-A,13/06/2017,
JP-2020524825-A,29/05/2018,
JP-2021526249-A,06/06/2018,
JP-2021507336-A,27/02/2018,
JP-2020519983-A,28/03/2019,
JP-2021103572-A,29/09/2020,
JP-2020528222-A,01/03/2019,
JP-2020516968-A,30/03/2018,
JP-2021521556-A,30/09/2018,
JP-2022048299-A,10/04/2017,
JP-2019160312-A,06/03/2018,
JP-2020525875-A,03/04/2019,
JP-2021177650-A,24/03/2017,
JP-2021523650-A,15/05/2018,
JP-2023103358-A,14/11/2016,
JP-2023078359-A,29/08/2017,
JP-2023053051-A,15/08/2017,
JP-2023029895-A,31/01/2018,
JP-2021168171-A,24/03/2016,
JP-2021528787-A,03/07/2018,
JP-2021522710-A,27/04/2018,31.0
JP-2021522702-A,27/04/2018,31.0
JP-2022071122-A,28/10/2016,26.0
JP-2020525869-A,29/05/2018,34.0
JP-3222165-U,26/10/2016,38.0
JP-2023068041-A,23/02/2016,81.0
JP-6511201-B1,23/02/2016,173.0
JP-2022137242-A,09/05/2014,110.0
JP-2022075949-A,29/04/2016,93.0
JP-2023078372-A,29/04/2016,42.0
JP-2022106942-A,14/06/2017,42.0
JP-2021184274-A,11/04/2016,97.0
JP-2022003547-A,28/12/2016,48.0
JP-2022020685-A,29/04/2016,42.0
JP-2021525931-A,07/06/2018,30.0
JP-2021072130-A,06/03/2018,70.0
JP-2022141841-A,30/06/2017,35.0
JP-2022136219-A,08/05/2017,34.0
JP-2022547130-A,06/09/2019,51.0
JP-2022141947-A,19/06/2017,32.0
JP-2021515338-A,06/03/2018,70.0
JP-2022514612-A,20/12/2018,44.0
JP-2023018005-A,09/06/2017,29.0
JP-2021509189-A,29/05/2018,47.0
JP-2023075152-A,09/11/2017,27.0
JP-2021509751-A,06/03/2018,70.0
JP-2021511560-A,27/02/2018,69.0
JP-2022058749-A,14/11/2016,24.0
JP-2021519531-A,24/04/2018,29.0
JP-2020080158-A,28/10/2016,26.0
JP-2023052135-A,30/12/2016,844.0
JP-2020524826-A,29/05/2018,28.0
JP-6405478-B1,16/01/2018,18.0
JP-2020115394-A,21/05/2015,175.0
JP-2023113804-A,23/02/2016,53.0
JP-2021522709-A,27/04/2018,31.0
JP-2021512519-A,29/05/2018,31.0
JP-2021516917-A,19/03/2018,36.0
JP-2021533448-A,27/07/2018,41.0
JP-2023036962-A,09/11/2017,27.0
JP-2023052834-A,09/11/2017,27.0
JP-2023062103-A,22/05/2017,27.0
JP-2019215885-A,24/11/2015,78.0
JP-3220620-U,28/03/2016,187.0
JP-2022033913-A,29/07/2016,33.0
JP-2022043178-A,29/07/2016,33.0
JP-2023036840-A,29/07/2016,33.0
JP-2020194578-A,24/11/2015,78.0
JP-2023106528-A,15/12/2017,34.0
JP-2022103306-A,25/10/2016,36.0
JP-2021184283-A,21/05/2015,175.0
JP-2023017844-A,27/07/2018,41.0
JP-2022044677-A,11/04/2017,65.0
JP-2023072055-A,23/02/2016,42.0
JP-2022123070-A,29/07/2016,55.0
JP-2021518705-A,27/03/2018,30.0
JP-2022533882-A,12/09/2019,28.0
JP-2023113899-A,29/07/2016,33.0
JP-2022078115-A,29/04/2016,58.0
JP-2022037089-A,23/02/2016,53.0
JP-2022119949-A,23/02/2016,42.0
JP-2021177666-A,23/02/2016,98.0
JP-2022088560-A,11/04/2016,64.0
JP-2022110150-A,23/02/2016,81.0
JP-2023025152-A,11/04/2017,65.0
JP-2023065536-A,29/07/2016,38.0
JP-2023065633-A,11/04/2016,64.0
JP-6651096-B1,15/10/2018,14.0
JP-6975364-B1,09/11/2018,14.0
JP-6547079-B1,23/12/2016,113.0
JP-6514831-B1,13/05/2016,64.0
JP-2023103362-A,23/02/2016,36.0
JP-2023017958-A,22/05/2017,27.0
JP-2021108488-A,23/02/2016,55.0
JP-2022095891-A,29/04/2016,37.0
JP-2023099091-A,05/05/2017,31.0
JP-2021153341-A,23/02/2016,29.0
JP-2022169691-A,22/05/2017,27.0
JP-2021522706-A,27/04/2018,31.0
JP-2021522704-A,27/04/2018,31.0
JP-2021524088-A,01/08/2018,33.0
JP-2021526341-A,24/07/2018,39.0
JP-2021519488-A,28/03/2018,45.0
JP-2023062177-A,29/08/2017,24.0
JP-2021511557-A,17/05/2018,28.0
JP-2021507556-A,03/04/2018,28.0
JP-2022020684-A,10/11/2016,24.0
JP-2022504420-A,09/01/2019,26.0
JP-2021022395-A,14/11/2016,24.0
JP-2022058489-A,29/07/2016,23.0
JP-2021515427-A,29/06/2018,27.0
JP-2021527274-A,13/06/2018,26.0
JP-2021523474-A,16/05/2018,27.0
JP-2020527298-A,29/03/2019,28.0
JP-2021515311-A,20/09/2018,25.0
JP-2022153643-A,15/05/2017,22.0
JP-2021524967-A,07/09/2018,24.0
JP-2023520851-A,03/06/2020,22.0
JP-2021524963-A,15/05/2018,24.0
JP-2020521342-A,29/03/2019,24.0
JP-2021527373-A,28/08/2018,23.0
JP-2019160316-A,15/03/2018,24.0
JP-2021504833-A,14/02/2018,24.0
JP-2020516104-A,13/12/2018,72.0
JP-2021505098-A,30/11/2017,72.0
JP-2020518880-A,28/12/2018,39.0
JP-2019083013-A,30/10/2017,52.0
JP-2020514889-A,29/09/2017,199.0
JP-2020512757-A,29/09/2017,199.0
JP-2020518888-A,29/09/2017,
JP-2021520010-A,30/03/2018,
JP-2021507339-A,14/02/2018,
JP-2021514496-A,14/02/2018,
JP-2021507565-A,15/12/2017,
JP-2020532213-A,24/08/2017,
JP-2020519039-A,26/07/2017,
JP-2020509461-A,26/07/2017,
JP-2020511010-A,16/11/2018,
JP-2020509443-A,29/12/2018,
JP-2019008791-A,19/06/2017,
JP-2020518142-A,19/06/2017,
JP-2019536380-A,07/06/2017,
JP-2020522786-A,07/06/2017,
JP-2020522919-A,07/06/2017,
JP-2020526805-A,05/05/2017,
JP-2020521254-A,25/05/2017,
JP-2020511809-A,21/12/2018,
JP-2020515089-A,24/05/2017,
JP-2020523839-A,14/06/2017,
JP-2019139750-A,13/02/2018,
JP-2020503728-A,31/05/2017,
JP-2020510327-A,27/06/2017,
JP-2021534486-A,10/08/2018,
JP-2020517134-A,11/04/2017,
JP-2020517135-A,11/04/2017,
JP-2020501402-A,30/11/2018,
JP-2020508503-A,28/03/2017,
JP-2020508594-A,28/03/2017,
JP-2020511881-A,24/03/2017,
JP-2020516164-A,07/04/2017,
JP-2020516992-A,29/03/2017,
JP-2020501220-A,08/03/2017,
JP-2020522051-A,26/05/2017,
JP-2020522053-A,26/05/2017,
JP-2020522049-A,26/05/2017,
JP-2020509690-A,22/02/2017,
JP-2020509495-A,28/02/2017,
JP-2020507142-A,10/03/2017,
JP-2020521257-A,18/05/2017,
JP-2020517201-A,18/04/2017,
JP-2020512779-A,28/03/2017,
JP-2020512617-A,17/02/2017,
JP-2023109981-A,15/12/2017,
JP-2020524425-A,19/06/2017,
JP-2019536153-A,31/07/2017,
JP-2022509104-A,27/11/2018,
JP-2022507796-A,27/11/2018,
JP-2022508138-A,27/11/2018,
JP-2022507784-A,27/11/2018,
JP-2022509788-A,27/11/2018,
JP-2022509105-A,27/11/2018,
JP-2022509957-A,27/11/2018,
JP-2022507797-A,27/11/2018,
JP-2020505711-A,08/01/2017,
JP-2021508864-A,19/01/2018,
JP-2021502745-A,09/11/2017,
JP-2021502634-A,09/11/2017,
JP-2020507869-A,30/12/2016,
JP-2020503598-A,14/12/2016,
JP-2020503583-A,16/11/2018,
JP-2020522927-A,09/06/2017,
JP-2020522152-A,05/05/2017,
JP-2019536134-A,25/10/2016,
JP-2020503579-A,25/10/2016,
JP-2020525880-A,22/05/2017,
JP-2020522047-A,22/05/2017,
JP-2020522046-A,22/05/2017,
JP-2020521370-A,22/05/2017,
JP-2020521371-A,22/05/2017,
JP-2020521373-A,22/05/2017,
JP-2019530109-A,30/08/2016,
JP-2020523822-A,13/06/2017,
JP-2020068388-A,19/10/2018,
JP-2020524827-A,29/05/2018,
JP-2020515942-A,28/12/2018,
JP-2020532220-A,29/08/2017,
JP-2020532217-A,29/08/2017,
JP-2020532002-A,29/08/2017,
JP-2020532170-A,15/08/2017,
JP-2020532169-A,15/08/2017,
JP-2019525303-A,01/07/2016,
JP-2019526945-A,31/07/2017,
JP-2019524018-A,06/06/2016,
JP-2020513178-A,10/04/2017,
JP-2022519768-A,14/02/2019,
JP-2019528592-A,29/07/2016,
JP-2019525590-A,29/07/2016,
JP-2020516121-A,24/03/2017,
JP-2020502861-A,27/11/2018,
JP-2019519014-A,11/04/2016,
JP-2023036876-A,29/08/2017,
JP-2020534734-A,22/09/2017,
JP-2020534733-A,22/09/2017,
JP-2019522264-A,28/10/2016,
JP-2019512909-A,23/02/2016,
JP-2019514235-A,23/02/2016,
JP-2019526199-A,29/07/2016,
JP-2018128723-A,06/02/2017,
JP-2021507567-A,13/12/2017,
JP-2019511147-A,23/02/2016,
JP-2020520152-A,15/05/2017,
JP-2019537179-A,14/11/2016,
JP-2020515092-A,16/12/2016,
JP-2018536957-A,30/11/2015,
JP-2022531046-A,18/09/2017,
JP-2021507407-A,20/12/2017,
JP-2019500675-A,05/11/2015,
JP-2020524828-A,29/05/2018,
JP-2020528170-A,14/03/2019,
JP-2021524978-A,07/06/2018,
JP-2023515632-A,29/02/2020,
JP-2019532556-A,24/08/2016,
JP-2019527962-A,29/07/2016,
JP-2021507564-A,15/12/2017,
JP-2018530175-A,02/07/2015,
JP-2020524829-A,29/05/2018,
JP-2021523610-A,14/05/2018,
JP-2021524185-A,14/05/2018,
JP-2021524186-A,14/05/2018,
JP-2021523609-A,14/05/2018,
JP-2020525877-A,03/04/2019,
JP-2021521555-A,03/05/2018,
JP-2021511559-A,19/01/2018,
JP-2018515833-A,31/03/2015,
JP-2020531955-A,15/08/2017,
JP-2019200766-A,14/05/2018,
JP-2020520503-A,08/05/2017,
JP-2022504637-A,12/10/2018,
JP-2022506010-A,26/09/2018,
JP-2021535668-A,30/08/2018,
JP-2020512606-A,21/03/2017,
JP-2021529397-A,03/07/2018,
JP-2022545145-A,13/06/2019,
JP-2021520169-A,29/03/2018,
JP-2020532221-A,29/08/2017,
JP-2023107918-A,02/11/2017,
JP-2021510223-A,10/01/2018,
JP-2020510331-A,14/07/2017,
JP-2020501403-A,16/11/2018,
JP-2023103434-A,22/09/2017,
JP-2019083031-A,21/05/2015,
JP-2020512714-A,26/07/2017,
JP-2020522904-A,26/07/2017,
JP-2020528695-A,26/07/2017,
JP-2020528689-A,24/07/2017,
JP-2020510894-A,31/05/2017,
JP-2020523838-A,14/06/2017,
JP-2020510329-A,14/07/2017,
JP-2020515088-A,23/05/2017,
JP-2020508593-A,28/04/2017,
JP-2020526820-A,30/06/2017,
JP-2020517136-A,11/04/2017,
JP-2020514865-A,28/03/2017,
JP-2020518907-A,08/05/2017,
JP-2020517169-A,18/04/2017,
JP-2020537229-A,09/10/2017,
JP-2021502636-A,09/11/2017,
JP-2020518850-A,05/05/2017,
JP-2020500487-A,24/11/2016,
JP-2021515952-A,27/04/2018,
JP-2018181345-A,17/04/2017,
JP-2020528607-A,24/07/2017,
JP-2019526120-A,29/07/2016,
JP-2020509445-A,28/03/2017,
JP-2019525591-A,29/07/2016,
JP-2020514904-A,19/03/2017,
JP-2023062065-A,20/03/2019,
JP-2019511151-A,23/02/2016,
JP-2019514089-A,23/02/2016,
JP-2019509648-A,23/02/2016,
JP-2019511150-A,23/02/2016,
JP-2020512716-A,19/12/2018,
JP-2019511766-A,23/02/2016,
JP-2019503544-A,27/01/2016,
JP-2022525211-A,20/03/2019,
JP-2020537780-A,20/10/2017,
JP-2021507338-A,10/05/2018,
JP-6403177-B1,01/12/2017,
JP-2021510860-A,19/01/2018,
JP-2021072116-A,30/10/2019,
JP-2018518759-A,21/05/2015,
JP-2018516026-A,20/03/2015,
JP-2018036893-A,31/08/2016,
JP-2020513707-A,06/12/2016,
JP-2021506185-A,18/09/2018,
JP-2021503643-A,17/11/2017,
JP-2023036963-A,09/11/2017,
JP-2020510892-A,28/03/2017,
JP-6362805-B1,16/12/2017,
JP-2019028525-A,26/07/2017,
JP-2022009897-A,10/12/2018,
JP-6804073-B1,19/03/2020,
JP-2023520372-A,05/04/2019,
JP-2020531975-A,18/08/2017,
JP-2022502738-A,29/08/2019,
JP-2020531976-A,18/08/2017,
JP-2021513300-A,16/04/2018,
JP-6457165-B1,03/04/2017,
JP-2020528631-A,05/07/2017,
JP-2020184322-A,29/03/2019,
JP-2022520656-A,15/02/2019,
JP-6224283-B1,24/02/2017,
JP-2022023801-A,16/07/2020,
JP-2020010332-A,02/07/2018,
JP-2022518370-A,22/01/2019,
JP-2020527259-A,27/03/2019,
JP-2022169795-A,10/08/2018,
JP-2019079551-A,21/05/2015,
JP-2021508877-A,26/12/2017,
JP-2020511807-A,13/12/2018,
JP-2020502865-A,07/11/2018,
JP-2021511561-A,14/02/2018,
JP-2021512569-A,14/03/2018,
JP-2021508876-A,26/12/2017,
JP-2020519210-A,28/04/2017,
JP-2021527279-A,10/08/2018,
JP-2020515087-A,07/11/2018,
JP-2020513176-A,11/04/2017,
JP-2021504859-A,22/11/2017,
JP-2020507840-A,26/01/2017,
JP-2020517033-A,10/05/2017,
JP-2021502747-A,09/11/2017,
JP-2021502746-A,09/11/2017,
JP-2020507866-A,17/02/2017,
JP-2021517412-A,24/07/2018,
JP-2020504954-A,28/12/2016,
JP-2023027185-A,15/08/2017,
JP-2020516105-A,13/12/2018,
JP-2019523494-A,29/07/2016,
JP-2019523493-A,29/07/2016,
JP-2021515293-A,26/02/2018,
JP-2019515534-A,29/04/2016,
JP-2017187777-A,06/04/2016,
JP-2019514099-A,24/03/2016,
JP-2021524956-A,23/05/2018,
JP-2022511084-A,04/12/2018,
JP-2019507510-A,23/02/2016,
JP-2019506074-A,23/02/2016,
JP-2019506075-A,23/02/2016,
JP-2019508951-A,23/02/2016,
JP-2019511035-A,23/02/2016,
JP-2019506103-A,22/12/2015,
JP-2019505150-A,21/12/2015,
JP-2019200580-A,16/05/2018,
JP-2022542134-A,07/04/2020,
JP-2020509680-A,24/02/2017,
JP-2019074910-A,16/10/2017,
JP-2020502619-A,27/11/2018,
JP-2018525729-A,14/07/2015,
JP-2021501411-A,25/10/2017,
JP-2018521437-A,09/07/2015,
JP-2020517165-A,18/04/2017,
JP-WO2019004118-A1,28/06/2017,
JP-2019004463-A,14/06/2017,
JP-2021509983-A,14/02/2018,
JP-2018515048-A,06/04/2015,
JP-6743321-B1,22/10/2018,
JP-2022510790-A,12/12/2018,
JP-2021516822-A,07/09/2018,
JP-2022106997-A,29/07/2016,
JP-WO2018124297-A1,28/12/2016,
JP-2021521544-A,19/04/2018,
JP-2021521545-A,19/04/2018,
JP-2021519541-A,05/04/2018,
JP-2020521196-A,04/03/2019,
JP-2020505657-A,29/11/2017,
JP-2021520589-A,27/04/2018,
JP-2020517126-A,29/12/2018,
JP-2022529967-A,24/04/2019,
JP-2021518028-A,10/12/2018,
JP-2021504860-A,27/11/2017,
JP-2020504351-A,07/11/2018,
JP-2020513170-A,13/12/2018,
JP-2022508011-A,15/10/2019,
JP-2019073394-A,11/09/2017,
JP-2022521915-A,19/08/2019,
JP-2021502023-A,02/11/2017,
JP-2020512715-A,26/07/2017,
JP-2020512611-A,14/07/2017,
JP-2021522631-A,20/04/2018,
JP-2020526050-A,28/08/2017,
JP-2020515976-A,29/03/2017,
JP-2019537798-A,10/03/2017,
JP-2021504808-A,02/05/2018,
JP-2020524421-A,26/04/2019,
JP-2020523579-A,12/06/2017,
JP-2021502017-A,02/11/2017,
JP-2021502018-A,02/11/2017,
JP-2021501935-A,02/11/2017,
JP-2021512380-A,14/02/2018,
JP-2020512610-A,22/05/2017,
JP-2020516114-A,23/03/2017,
JP-2020511019-A,24/02/2017,
JP-2019532419-A,21/09/2016,
JP-2019534525-A,20/09/2016,
JP-2019531544-A,27/09/2016,
JP-2019532603-A,20/10/2016,
JP-2020517200-A,17/04/2017,
JP-2019532550-A,19/08/2016,
JP-2020522778-A,18/03/2019,
JP-2021517686-A,14/03/2018,
JP-2021500811-A,25/06/2018,
JP-2019514087-A,13/05/2016,
JP-2019511761-A,13/05/2016,
JP-2019511759-A,13/05/2016,
JP-2019515373-A,29/04/2016,
JP-2022510245-A,29/11/2018,
JP-2019522255-A,29/04/2016,
JP-2023024683-A,15/08/2017,
JP-2019517175-A,29/04/2016,
JP-2019511854-A,23/02/2016,
JP-2019513312-A,23/02/2016,
JP-2020505799-A,29/12/2018,
JP-2020522036-A,21/03/2019,
JP-2022540728-A,05/07/2019,
JP-2019522412-A,23/12/2016,
JP-2018538609-A,05/11/2015,
JP-2020522806-A,02/06/2017,
JP-2023038382-A,05/09/2017,
JP-2019504385-A,24/11/2015,
JP-2020521343-A,26/03/2019,
JP-2019508948-A,23/02/2016,
JP-2019522275-A,01/06/2016,
JP-2022546001-A,17/09/2019,
JP-2018521390-A,21/05/2015,
JP-2018518758-A,21/05/2015,
JP-2018519577-A,21/05/2015,
JP-2020504930-A,21/12/2017,
JP-2018511137-A,05/04/2015,
JP-2020501406-A,07/11/2018,
JP-2021520539-A,01/05/2018,
JP-2020525876-A,12/04/2019,
JP-2020532168-A,15/08/2017,
JP-2022010099-A,09/11/2018,
JP-2022508450-A,07/09/2018,
JP-2021530036-A,25/06/2018,
JP-2023025181-A,13/12/2017,
JP-2022510885-A,14/12/2018,
JP-2022506792-A,09/11/2018,
JP-2021189431-A,29/05/2020,
JP-2022545683-A,22/08/2019,
JP-2023513420-A,23/01/2020,
JP-2021533463-A,02/08/2018,
JP-2022508773-A,12/10/2018,
JP-2020531949-A,11/08/2017,
JP-2021528882-A,06/11/2019,
JP-2022528947-A,27/03/2019,
JP-2020509681-A,06/03/2017,
JP-2022511326-A,29/09/2019,
JP-2023500259-A,31/10/2019,
JP-2022552111-A,14/10/2019,
JP-2023506634-A,23/12/2019,
JP-WO2021132483-A1,26/12/2019,
JP-2019530032-A,27/06/2017,
JP-2023076628-A,14/08/2017,
JP-2021507563-A,13/12/2017,
JP-2014507733-A,23/02/2011,
JP-2020511808-A,19/12/2018,
JP-2020516108-A,28/12/2018,
JP-2020516109-A,28/12/2018,
JP-2021518608-A,23/03/2018,
JP-2019208200-A,12/03/2018,
JP-2020526806-A,08/04/2019,
JP-2022501714-A,19/09/2018,
JP-2021528883-A,15/10/2019,
JP-2021522738-A,06/11/2019,
JP-2021518962-A,27/11/2019,
JP-2022536115-A,06/06/2019,
JP-2021149904-A,19/03/2020,
JP-2020528178-A,18/07/2017,
JP-2022542168-A,26/02/2020,
JP-2022062705-A,08/10/2020,
JP-2023068139-A,13/12/2017,
JP-2020516102-A,28/12/2018,
JP-2017208085-A,20/05/2016,
JP-2020509458-A,27/01/2017,
JP-2021508110-A,16/07/2018,
JP-2020530958-A,14/08/2017,
JP-2020516089-A,12/05/2017,
JP-2020526814-A,07/07/2017,
JP-2020526810-A,07/07/2017,
JP-2020526811-A,07/07/2017,
JP-WO2020085349-A1,22/10/2018,
JP-WO2020085348-A1,22/10/2018,
JP-WO2020085346-A1,22/10/2018,
JP-2020178338-A,15/04/2019,
JP-2022532464-A,13/12/2019,
JP-2021111973-A,10/01/2020,
JP-2023534288-A,16/07/2020,
JP-2020503749-A,21/12/2016,
JP-2020514853-A,21/12/2016,
JP-2020514854-A,21/12/2016,
JP-2022511623-A,23/10/2018,
JP-2020534628-A,21/09/2017,
JP-2021524962-A,15/05/2018,
JP-2020526052-A,08/04/2019,
JP-2022521693-A,21/02/2019,
JP-2021517324-A,19/06/2018,
JP-2023011611-A,18/09/2017,
JP-2022544131-A,06/08/2019,
JP-2022538392-A,19/06/2019,
JP-2022537204-A,19/06/2019,
JP-2022535785-A,12/06/2019,
JP-2022529689-A,19/04/2019,
JP-2022527067-A,25/03/2019,
JP-2022517436-A,26/02/2019,
JP-WO2019038839-A1,22/08/2017,
JP-WO2019194267-A1,06/04/2018,
JP-2014525085-A,30/06/2011,
JP-7043672-B1,08/10/2021,
JP-6909532-B1,26/12/2019,
JP-6915934-B1,26/12/2019,
JP-6954709-B1,06/09/2019,
JP-2020510906-A,28/12/2018,
JP-2020534732-A,18/09/2017,
JP-2019053729-A,15/09/2017,
JP-2023523611-A,28/06/2020,
JP-2023520859-A,17/04/2020,
JP-2022542258-A,24/09/2019,
JP-2022510561-A,13/11/2018,
JP-2022501887-A,28/09/2018,
JP-2022526505-A,28/03/2019,
JP-2020525874-A,30/04/2019,
JP-2020522033-A,06/03/2019,
JP-2021513179-A,12/02/2018,
JP-7081040-B1,19/11/2021,
JP-7020739-B1,29/10/2021,
JP-WO2019167116-A1,27/02/2018,
JP-2022109880-A,15/01/2021,
JP-2022051514-A,18/09/2020,
JP-2023516407-A,04/03/2020,
JP-2021520009-A,30/03/2018,
JP-2022051658-A,21/09/2020,
JP-2023509573-A,26/11/2019,
JP-2023505412-A,18/02/2020,
JP-2022545489-A,16/09/2019,
JP-2022542904-A,31/07/2019,
JP-2022541048-A,24/07/2019,
JP-2023503521-A,10/12/2019,
JP-2022532244-A,16/05/2019,
JP-2020182215-A,24/04/2019,
JP-2022541835-A,03/09/2019,
JP-2022542544-A,01/08/2019,
JP-2022528072-A,25/03/2019,
JP-2022523447-A,13/03/2019,
JP-2022519743-A,08/02/2019,
JP-2020161112-A,26/03/2019,
JP-2022517289-A,06/12/2018,
JP-WO2021029029-A1,14/08/2019,
JP-2021528797-A,21/06/2018,
JP-WO2019235198-A1,06/06/2018,
JP-2022539283-A,18/04/2019,
JP-2021532466-A,29/07/2018,
JP-2020526804-A,04/03/2019,
JP-2021511535-A,18/01/2018,
JP-2021506151-A,07/12/2017,
JP-2020537391-A,04/10/2017,
JP-2020522766-A,29/05/2018,
JP-2023529468-A,12/06/2020,
JP-2023524715-A,13/05/2020,
JP-2023520632-A,01/04/2020,
JP-WO2021132454-A1,26/12/2019,
JP-2022549070-A,23/09/2019,
JP-2022545403-A,21/08/2019,
JP-2021512439-A,26/01/2018,
JP-2022545586-A,30/08/2019,
JP-2021531707-A,06/09/2019,
JP-2022532889-A,24/05/2019,
JP-2020145681-A,21/12/2018,
JP-2022541929-A,24/09/2019,
JP-2022527906-A,25/03/2019,
JP-2021019344-A,19/07/2019,
JP-2022518061-A,27/01/2019,
JP-2021526751-A,13/06/2018,
JP-2020533716-A,13/09/2017,
JP-6971413-B1,21/09/2020,
JP-2023075576-A,19/11/2021,
JP-2022101479-A,24/12/2020,
JP-2022101478-A,24/12/2020,
JP-2023066890-A,29/10/2021,
JP-2022080277-A,17/11/2020,
JP-2022504348-A,09/10/2018,
JP-2022506016-A,12/10/2018,
JP-2020092415-A,09/11/2018,
JP-2021517389-A,08/03/2018,
JP-2020516103-A,13/12/2018,
JP-2020515939-A,13/12/2018,
JP-2020502617-A,27/11/2018,
JP-2021503676-A,20/11/2017,
JP-2021501557-A,25/10/2017,
JP-2020529667-A,16/08/2017,
JP-6940212-B1,26/12/2019,
JP-2020517011-A,18/04/2017,
JP-2020514866-A,28/03/2017,
JP-2023018111-A,09/12/2019,
JP-2023509340-A,17/12/2019,
JP-2022548429-A,09/12/2019,
JP-2020182214-A,24/04/2019,
JP-2020502621-A,30/11/2018,
JP-2022522788-A,01/03/2019,
JP-2022523643-A,18/01/2019,
JP-2023103346-A,20/09/2019,
JP-2022502768-A,28/09/2018,
JP-2021507566-A,15/12/2017,
JP-2022518715-A,18/01/2019,
JP-2020522765-A,29/05/2018,
JP-2019528590-A,29/07/2016,
JP-2021514125-A,15/02/2018,
JP-2020525895-A,30/06/2017,
JP-2023100981-A,07/07/2017,
JP-2023015203-A,27/01/2017,
JP-2022547956-A,18/05/2020,
JP-2022539987-A,12/07/2019,
JP-2021106323-A,26/12/2019,
JP-WO2019186747-A1,28/03/2018,
JP-2019525326-A,15/07/2016,
JP-2021528884-A,13/11/2019,
JP-2022520845-A,15/02/2019,
JP-2021502750-A,09/11/2017,
JP-2022511616-A,29/01/2019,
JP-2023110918-A,26/03/2021,
JP-2023533250-A,30/06/2020,
JP-WO2020066493-A1,26/09/2018,
JP-2023533691-A,24/06/2020,
JP-2023524855-A,15/05/2020,
JP-2020190762-A,07/08/2017,
JP-2021170775-A,16/04/2020,
JP-2021507382-A,18/07/2018,
JP-2021510429-A,10/01/2018,
JP-2020531981-A,28/08/2017,
JP-2021022146-A,26/07/2019,
JP-2022546005-A,31/07/2019,
JP-2022549951-A,26/09/2019,
JP-WO2019207804-A1,27/04/2018,
JP-2021507562-A,13/12/2017,
JP-2022515190-A,19/12/2018,
JP-2021520153-A,14/09/2018,
JP-2019536182-A,08/11/2016,
JP-2020511018-A,28/02/2019,
JP-2021515271-A,02/03/2018,
JP-2020535550-A,29/09/2017,
JP-2022553674-A,16/10/2019,
JP-2022504353-A,08/10/2018,
JP-WO2020050390-A1,07/09/2018,
JP-2022542836-A,20/09/2019,
JP-2022524368-A,05/03/2019,
JP-6978168-B1,15/01/2021,
JP-2021504783-A,27/11/2017,
JP-2020524867-A,16/06/2017,
JP-2023509940-A,14/01/2020,
JP-2022549874-A,27/09/2019,
JP-2019145095-A,22/01/2018,
JP-2021504861-A,28/11/2017,
JP-2022105130-A,24/04/2019,
JP-2023522802-A,29/03/2021,
JP-2022545250-A,21/08/2019,
JP-2022531741-A,10/05/2019,
JP-2023509262-A,27/11/2019,
JP-2022527375-A,18/03/2019,4.0
JP-2020078081-A,14/01/2020,4.0
JP-2021527271-A,10/06/2018,
JP-2021119544-A,26/12/2019,3.0
JP-2022552110-A,14/10/2019,3.0
JP-2021076582-A,08/11/2019,3.0
JP-2022543306-A,17/09/2019,3.0
JP-2022525231-A,15/03/2019,3.0
JP-2021114651-A,16/01/2020,3.0
JP-2022538748-A,28/06/2019,9.0
JP-2021177422-A,10/04/2019,10.0
JP-2022522386-A,07/03/2019,9.0
JP-2020528691-A,24/07/2017,9.0
JP-6729885-B1,26/07/2019,6.0
JP-2020524320-A,26/04/2019,10.0
JP-2019526192-A,05/07/2016,12.0
JP-2023071977-A,13/04/2018,9.0
JP-2023052782-A,07/07/2017,10.0
JP-2020524434-A,20/06/2017,12.0
JP-2020528595-A,30/06/2017,12.0
JP-2021526682-A,28/05/2018,12.0
JP-2021512434-A,08/01/2018,11.0
JP-2023027206-A,15/12/2017,11.0
JP-2020523716-A,04/05/2017,13.0
JP-2020518040-A,22/05/2017,13.0
JP-2020014193-A,07/05/2018,12.0
JP-2022530582-A,28/06/2019,12.0
JP-2023501152-A,04/11/2019,8.0
JP-2020507140-A,27/11/2018,9.0
JP-2019101719-A,01/12/2017,10.0
JP-2020500339-A,22/11/2017,10.0
JP-2021520732-A,13/04/2018,9.0
JP-2019103112-A,01/12/2017,10.0
JP-2022548168-A,17/09/2019,9.0
JP-2020511017-A,28/02/2019,13.0
JP-2021131860-A,20/02/2020,2.0
JP-2022533301-A,15/03/2019,3.0
JP-2023505757-A,27/11/2019,13.0
JP-2020526053-A,31/01/2019,13.0
JP-2019537148-A,06/12/2016,15.0
JP-2022051652-A,21/09/2020,2.0
JP-2023098847-A,29/12/2021,1.0
JP-2022520478-A,15/02/2019,13.0
JP-2022520844-A,15/02/2019,13.0
JP-2022520273-A,15/02/2019,13.0
JP-2023501788-A,31/10/2019,2.0
JP-2020533671-A,08/09/2017,3.0
JP-2022126806-A,05/07/2016,12.0
JP-WO2020003386-A1,26/06/2018,3.0
JP-2022544619-A,22/08/2019,2.0
JP-2019204194-A,22/05/2018,3.0
JP-2021018817-A,16/07/2019,2.0
JP-2021528885-A,13/11/2019,9.0
JP-2022533386-A,24/05/2019,3.0
JP-2023101763-A,26/11/2018,1.0
JP-2022528071-A,25/03/2019,3.0
JP-2022532578-A,10/05/2019,3.0
JP-2020188503-A,01/08/2020,3.0
JP-2023508088-A,24/12/2019,3.0
JP-2022519804-A,12/01/2020,3.0
JP-2022524177-A,18/02/2020,3.0
JP-2022109467-A,15/01/2021,3.0
JP-2023517049-A,04/03/2020,3.0
JP-2023000072-A,17/06/2021,3.0
JP-2022055352-A,27/09/2020,3.0
JP-2023056818-A,08/10/2021,3.0
JP-2023099066-A,08/02/2018,3.0
JP-2020035214-A,30/08/2018,4.0
JP-2020064460-A,17/10/2018,4.0
JP-2021511562-A,19/01/2018,4.0
JP-2021511743-A,26/01/2018,4.0
JP-2021523619-A,15/05/2018,4.0
JP-2021016143-A,26/08/2019,4.0
JP-2022504932-A,27/10/2018,4.0
JP-WO2020213516-A1,18/04/2019,4.0
JP-2022532886-A,24/05/2019,4.0
JP-2022531742-A,10/05/2019,4.0
JP-2022553522-A,20/12/2019,4.0
JP-2021197142-A,17/06/2020,4.0
JP-2021175193-A,29/04/2020,4.0
JP-2023532566-A,30/06/2020,4.0
JP-2023056011-A,07/12/2017,4.0
JP-2019145925-A,16/02/2018,6.0
JP-WO2018174112-A1,21/03/2017,5.0
JP-2020532177-A,23/08/2017,5.0
JP-2017224017-A,13/06/2016,6.0
JP-2020502618-A,30/11/2018,5.0
JP-2021511558-A,19/01/2018,5.0
JP-2021514510-A,24/02/2018,5.0
JP-2022528765-A,27/05/2019,5.0
JP-2021531604-A,29/08/2018,5.0
JP-2022513236-A,12/12/2018,5.0
JP-2022533753-A,24/05/2019,5.0
JP-2022530601-A,12/09/2019,5.0
JP-2022553946-A,08/11/2019,5.0
JP-2022545049-A,06/01/2020,5.0
JP-2023508283-A,18/12/2019,5.0
JP-2021131865-A,19/02/2020,5.0
JP-2023509257-A,10/12/2020,5.0
JP-2023101776-A,23/08/2017,5.0
JP-2020519097-A,04/05/2017,6.0
JP-2020530956-A,03/08/2017,6.0
JP-6829927-B1,09/09/2020,3.0
JP-7033352-B1,17/06/2021,3.0
JP-7011365-B1,27/10/2021,3.0
JP-2021516805-A,13/06/2018,6.0
JP-2022533396-A,26/06/2019,6.0
JP-2022528360-A,25/03/2019,6.0
JP-2022534115-A,25/06/2019,6.0
JP-2022541323-A,25/07/2019,6.0
JP-2023531867-A,14/05/2020,6.0
JP-2021500789-A,23/10/2017,7.0
JP-2021505014-A,24/11/2017,7.0
JP-6566278-B1,08/08/2018,4.0
JP-2021515270-A,02/03/2018,7.0
JP-2020528586-A,04/03/2019,7.0
JP-6973840-B1,08/09/2021,4.0
JP-2022509318-A,07/09/2018,7.0
JP-2021523620-A,14/05/2018,8.0
JP-6626228-B1,19/03/2019,5.0
JP-2020524932-A,20/06/2017,9.0
JP-2017224018-A,13/06/2016,11.0
JP-WO2020085347-A1,22/10/2018,9.0
JP-2022511547-A,14/12/2018,9.0
JP-2020047104-A,20/09/2018,10.0
JP-2022536485-A,10/06/2019,9.0
JP-2020515961-A,11/04/2017,11.0
JP-2022536189-A,28/04/2020,9.0
JP-2020516976-A,31/01/2017,11.0
JP-2020507158-A,31/01/2017,11.0
JP-2019200556-A,16/05/2018,11.0
JP-2021533638-A,27/07/2018,10.0
JP-2022508247-A,27/11/2018,10.0
JP-2022512324-A,05/12/2018,10.0
JP-2022524996-A,04/03/2019,10.0
JP-2021533475-A,15/03/2019,10.0
JP-2021515296-A,10/04/2019,10.0
JP-2022536445-A,17/04/2019,10.0
JP-2022552318-A,10/10/2018,10.0
JP-2023089127-A,07/07/2017,10.0
JP-2018139068-A,24/02/2017,13.0
JP-2022509640-A,30/11/2018,11.0
JP-2019091464-A,03/04/2017,12.0
JP-2022509933-A,20/11/2018,11.0
JP-2021521667-A,03/04/2018,12.0
JP-2021517401-A,16/03/2018,13.0
JP-2019184908-A,13/04/2018,4.0
JP-2023515369-A,19/02/2020,2.0
JP-2021189993-A,04/06/2020,2.0
JP-2021189638-A,28/05/2020,2.0
JP-6911231-B1,21/09/2020,2.0
JP-2022514919-A,21/12/2018,3.0
JP-2022532623-A,14/05/2019,2.0
JP-2022020603-A,20/07/2020,2.0
JP-WO2020085378-A1,24/10/2018,3.0
JP-2020184330-A,26/04/2019,2.0
JP-2022526936-A,25/03/2019,2.0
JP-2023502573-A,13/11/2019,2.0
JP-2020038568-A,05/09/2018,3.0
JP-2020035041-A,28/08/2018,3.0
JP-2022551661-A,09/10/2019,2.0
JP-2023036959-A,26/06/2017,12.0
JP-7258321-B1,05/11/2021,1.0
JP-2021153331-A,15/07/2020,1.0
JP-2023501963-A,30/10/2019,
JP-2022533845-A,24/05/2019,1.0
JP-2022511971-A,21/12/2018,
JP-2023519065-A,02/03/2020,
JP-2023519050-A,02/03/2020,
JP-2022510766-A,29/11/2018,2.0
JP-2022522895-A,06/03/2019,2.0
JP-2022548185-A,18/07/2019,2.0
JP-WO2020183726-A1,14/03/2019,2.0
JP-2022101477-A,24/12/2020,1.0
JP-2023509107-A,19/11/2020,1.0
JP-6762647-B1,09/08/2019,1.0
JP-2023535354-A,30/07/2020,1.0
JP-2022541805-A,04/09/2019,
JP-2023526230-A,14/05/2020,1.0
JP-2023524266-A,06/05/2020,1.0
JP-2023527523-A,19/05/2020,
JP-2023527713-A,28/05/2020,1.0
JP-2023520527-A,30/03/2020,1.0
JP-2023521707-A,06/04/2020,1.0
JP-2023517033-A,04/03/2020,1.0
JP-2023524618-A,19/02/2020,1.0
JP-2015228213-A,13/05/2014,1.0
JP-2023522503-A,23/04/2020,1.0
JP-2022549777-A,23/09/2019,1.0
JP-2022548629-A,20/09/2019,1.0
JP-6535394-B1,15/02/2018,1.0
JP-2019139665-A,15/02/2018,
JP-2019215810-A,14/06/2018,
JP-2021530010-A,22/06/2018,
JP-WO2020008658-A1,03/07/2018,1.0
JP-2021505002-A,30/11/2017,1.0
JP-2019109894-A,18/12/2017,1.0
JP-2020177372-A,16/04/2019,1.0
JP-2021530163-A,04/07/2018,1.0
JP-2022516160-A,31/12/2018,
JP-2022504224-A,17/10/2018,1.0
JP-2022509590-A,13/11/2018,
JP-2022504825-A,31/10/2018,1.0
JP-2022511678-A,21/11/2018,1.0
JP-2022514768-A,20/12/2018,
JP-WO2021029090-A1,09/08/2019,1.0
JP-2022545422-A,19/08/2019,2.0
JP-2022515421-A,24/12/2018,
JP-2021518715-A,27/03/2018,3.0
JP-2022531497-A,07/05/2019,6.0
JP-2022554202-A,22/06/2020,3.0
JP-WO2020141584-A1,06/01/2019,6.0
JP-6218979-B1,24/02/2017,
JP-2022169712-A,31/01/2017,
JP-2020512614-A,29/12/2018,12.0
JP-2021504813-A,17/05/2018,11.0
JP-2020526069-A,26/06/2017,12.0
JP-WO2020204004-A1,29/03/2019,
JP-6912840-B1,25/08/2020,3.0
JP-2022070868-A,20/06/2017,
JP-6683332-B1,26/08/2019,4.0
JP-2020511803-A,28/02/2019,7.0
JP-2022500738-A,19/09/2018,
JP-2021512383-A,20/12/2017,8.0
JP-2022532125-A,07/05/2019,
JP-2022534023-A,21/05/2019,7.0
JP-2022533686-A,22/09/2020,
JP-2023500411-A,12/11/2019,
JP-2023509889-A,21/05/2020,
JP-2020524925-A,20/06/2017,8.0
JP-2020524926-A,20/06/2017,
JP-2020526062-A,28/06/2017,
JP-2020519959-A,18/03/2019,8.0
JP-6582277-B1,14/09/2018,
JP-2020523677-A,15/06/2017,
JP-2019533229-A,09/09/2016,10.0
JP-2022505774-A,24/10/2018,8.0
JP-2021535680-A,07/12/2018,
JP-2023503120-A,03/12/2019,
JP-2021136694-A,26/02/2020,
JP-2023036765-A,20/06/2017,
JP-2023040203-A,20/06/2017,
JP-2021524100-A,16/05/2018,
JP-2021525016-A,23/05/2018,9.0
JP-2021526430-A,30/08/2018,9.0
JP-2022500800-A,19/04/2019,9.0
JP-2020503585-A,07/11/2018,
JP-2020531983-A,23/08/2017,6.0
JP-2018106386-A,26/12/2016,12.0
JP-WO2018186391-A1,03/04/2017,12.0
JP-2023110089-A,10/04/2019,
JP-2022002130-A,08/11/2019,2.0
JP-2022097754-A,12/11/2019,2.0
JP-2022534196-A,24/05/2019,3.0
JP-2022533777-A,24/05/2019,3.0
JP-2022550408-A,12/10/2019,3.0
JP-2021526676-A,07/09/2018,6.0
JP-2022551874-A,09/10/2019,3.0
JP-2021114280-A,17/01/2020,3.0
JP-2023508210-A,27/05/2020,3.0
JP-2022020602-A,20/07/2020,3.0
JP-2023039383-A,27/10/2021,3.0
JP-2023089153-A,08/09/2017,3.0
JP-2020522767-A,01/02/2019,4.0
JP-2014507740-A,09/03/2011,20.0
JP-2020170296-A,02/04/2019,4.0
JP-6830719-B1,29/03/2019,6.0
JP-2021528028-A,13/06/2018,4.0
JP-2022525765-A,14/03/2019,4.0
JP-WO2020100855-A1,13/11/2018,4.0
JP-2022548501-A,05/09/2019,4.0
JP-2022534047-A,24/05/2019,4.0
JP-2022533751-A,24/05/2019,4.0
JP-2022550401-A,30/10/2019,4.0
JP-2023511231-A,21/01/2020,4.0
JP-2020520499-A,03/05/2017,14.0
JP-2022514784-A,20/12/2018,12.0
JP-2022500742-A,26/04/2019,12.0
JP-2019165718-A,13/03/2018,10.0
JP-2022549581-A,25/09/2019,12.0
JP-2023039374-A,08/09/2021,4.0
JP-2020511702-A,28/02/2019,10.0
JP-2021516902-A,09/03/2018,10.0
JP-2021529378-A,03/07/2018,10.0
JP-2020505663-A,29/12/2018,11.0
JP-2023523992-A,30/04/2020,10.0
JP-2023100837-A,09/03/2018,10.0
JP-2023065602-A,18/01/2018,4.0
JP-2020533859-A,15/09/2017,5.0
JP-2021507586-A,14/12/2017,5.0
JP-2020522922-A,09/06/2017,6.0
JP-2021528720-A,15/06/2018,5.0
JP-2022501712-A,19/09/2018,5.0
JP-2020129794-A,07/02/2019,5.0
JP-2022527610-A,12/04/2019,5.0
JP-2022527611-A,12/04/2019,5.0
JP-2022540896-A,17/07/2019,5.0
JP-2021513254-A,09/02/2018,6.0
JP-6902151-B1,17/01/2020,3.0
JP-2022553059-A,24/10/2019,5.0
JP-2023506426-A,13/12/2019,5.0
JP-2022177183-A,15/09/2017,5.0
JP-2019161580-A,16/03/2018,3.0
JP-2022553963-A,24/03/2020,2.0
JP-2022534677-A,30/05/2019,2.0
JP-2022532764-A,16/05/2019,2.0
JP-2023535040-A,23/07/2020,2.0
JP-2021532427-A,11/10/2019,3.0
JP-6630425-B1,03/12/2018,3.0
JP-2021505049-A,27/11/2017,3.0
JP-2022526934-A,25/03/2019,2.0
JP-2022526038-A,03/04/2019,2.0
JP-WO2021090838-A1,08/11/2019,2.0
JP-2021531689-A,23/07/2018,3.0
JP-2021530930-A,17/07/2018,3.0
JP-2022548553-A,12/09/2019,1.0
JP-2021087100-A,27/11/2019,1.0
JP-2022500920-A,21/09/2018,2.0
JP-WO2020054612-A1,11/09/2018,2.0
JP-2020077078-A,06/11/2018,2.0
JP-2015515073-A,27/04/2012,2.0
JP-2020035040-A,28/08/2018,1.0
JP-2020091515-A,03/12/2018,1.0
JP-2020129316-A,12/02/2019,1.0
JP-2021530172-A,19/07/2018,1.0
JP-2021533708-A,02/08/2018,1.0
JP-2022520141-A,05/11/2018,2.0
JP-2021086361-A,27/11/2019,1.0
JP-2022512220-A,10/12/2018,1.0
JP-2021015387-A,11/07/2019,2.0
JP-2022549873-A,27/09/2019,1.0
JP-2023501905-A,24/10/2019,1.0
JP-2023518004-A,13/03/2020,1.0
JP-2023522673-A,15/04/2020,1.0
JP-2021179993-A,15/05/2020,1.0
JP-2023524107-A,29/04/2020,2.0
JP-2021028827-A,09/08/2019,2.0
JP-2017059164-A,18/09/2015,5.0
JP-2022549001-A,24/09/2019,2.0
JP-2022551623-A,07/10/2019,2.0
JP-2020161092-A,28/03/2019,3.0
JP-2019146137-A,10/03/2018,3.0
JP-2021513253-A,08/02/2018,3.0
JP-6842025-B1,19/03/2020,2.0
JP-6762057-B1,20/05/2020,2.0
JP-2022525251-A,24/05/2019,2.0
JP-2019106612-A,12/12/2017,3.0
JP-2021515303-A,21/02/2018,3.0
JP-2022527358-A,12/04/2019,2.0
JP-2020173803-A,04/04/2019,2.0
JP-2021508101-A,24/10/2017,3.0
JP-WO2021095795-A1,12/11/2019,2.0
JP-2022528359-A,25/03/2019,2.0
JP-2022528710-A,15/04/2019,2.0
JP-2023525973-A,15/05/2020,1.0
JP-2023528649-A,12/06/2020,1.0
JP-2019185642-A,17/04/2018,1.0
JP-2020099010-A,18/12/2018,1.0
JP-2022531642-A,15/03/2019,1.0
JP-2021530173-A,17/07/2018,1.0
JP-2015056070-A,12/09/2013,1.0
JP-2021013122-A,08/07/2019,1.0
JP-2021016095-A,12/07/2019,1.0
JP-WO2020129321-A1,21/12/2018,1.0
JP-2021056759-A,30/09/2019,1.0
JP-6836643-B1,27/11/2019,1.0
JP-6713588-B1,06/02/2019,2.0
JP-6656628-B1,03/04/2019,2.0
JP-2022508211-A,26/11/2018,2.0
JP-2022504575-A,29/10/2018,2.0
JP-2020042795-A,11/09/2018,2.0
JP-2022501960-A,30/09/2018,2.0
JP-WO2020161929-A1,06/02/2019,2.0
JP-2021521699-A,20/04/2018,2.0
JP-2023534593-A,29/01/2022,1.0
JP-2022065010-A,05/02/2022,1.0
JP-2019184995-A,11/08/2018,2.0
JP-2020526849-A,20/07/2017,2.0
JP-2022088326-A,02/12/2020,1.0
JP-6861327-B1,02/07/2019,1.0
JP-2022020604-A,20/07/2020,1.0
JP-2023535633-A,30/07/2020,1.0
JP-2023527762-A,20/05/2020,1.0
JP-2019179453-A,30/03/2018,1.0
JP-2023520634-A,06/04/2020,1.0
JP-2023507546-A,23/03/2020,1.0
JP-2021077422-A,17/02/2021,1.0
JP-2022536190-A,28/04/2020,1.0
JP-2023508188-A,23/12/2019,1.0
JP-2022549624-A,30/09/2019,1.0
JP-2022548149-A,16/09/2019,1.0
JP-2022539186-A,28/06/2019,1.0
JP-WO2021002284-A1,02/07/2019,1.0
JP-2020184760-A,02/05/2019,1.0
JP-2022528711-A,15/04/2019,1.0
JP-2022526940-A,25/03/2019,1.0
JP-2020155132-A,22/03/2019,1.0
JP-2022522790-A,01/03/2019,1.0
JP-2022546378-A,10/12/2019,1.0
JP-2022510462-A,07/12/2018,1.0
JP-2022507497-A,21/11/2018,1.0
JP-2022513394-A,24/10/2018,1.0
JP-2023070180-A,05/11/2021,1.0
JP-2020524346-A,17/04/2018,3.0
JP-2022548583-A,12/09/2019,2.0
JP-2022547697-A,12/09/2019,2.0
JP-2023044810-A,21/09/2021,
JP-2022539458-A,11/07/2019,2.0
JP-2022002008-A,19/06/2020,2.0
JP-6467540-B1,10/03/2018,3.0
JP-2020191091-A,21/05/2019,2.0
JP-2022534056-A,24/05/2019,2.0
JP-2022532762-A,16/05/2019,2.0
JP-2021518710-A,27/03/2018,1.0
JP-2018113017-A,09/01/2017,1.0
JP-2019212165-A,07/06/2018,1.0
JP-2020525942-A,27/06/2017,1.0
JP-WO2020044471-A1,29/08/2018,1.0
JP-2020060954-A,10/10/2018,1.0
JP-2020107228-A,28/12/2018,1.0
JP-2022518621-A,08/01/2019,1.0
JP-2021022160-A,26/07/2019,1.0
JP-WO2021019683-A1,30/07/2019,1.0
JP-2021530065-A,07/12/2018,1.0
JP-2022512497-A,19/12/2018,1.0
JP-2022524925-A,01/02/2019,1.0
JP-2021093104-A,06/02/2020,1.0
JP-2022525422-A,21/03/2019,1.0
JP-2022528281-A,10/04/2019,1.0
JP-2021174102-A,21/04/2020,1.0
JP-2022536447-A,29/04/2019,1.0
JP-6297196-B1,09/01/2017,1.0
JP-2021028824-A,05/06/2020,1.0
JP-2021196792-A,12/06/2020,1.0
JP-2018510482-A,02/04/2015,2.0
JP-2022542367-A,10/09/2019,1.0
JP-2022056204-A,29/09/2020,1.0
JP-2022553130-A,08/10/2019,1.0
JP-2023503607-A,25/11/2019,1.0
JP-2023505686-A,10/12/2019,1.0
JP-6650157-B1,08/05/2019,1.0
JP-2021108464-A,07/04/2020,1.0
JP-2022160319-A,06/04/2021,1.0
JP-2023522258-A,21/04/2020,1.0
JP-6752384-B1,30/07/2019,1.0
JP-2023524237-A,01/05/2020,1.0
JP-6696672-B1,21/12/2018,1.0
JP-6843327-B1,20/09/2019,1.0
JP-6840319-B1,24/09/2019,1.0
JP-2023527811-A,27/05/2020,1.0
JP-6666511-B1,01/11/2019,1.0
JP-6774073-B1,19/11/2019,1.0
JP-2023535605-A,28/07/2020,1.0
JP-2023016527-A,21/07/2021,1.0
JP-6799837-B1,24/01/2020,1.0
JP-2023028578-A,19/08/2021,1.0
JP-6894033-B1,15/06/2020,1.0
JP-2020511930-A,16/03/2017,2.0
JP-2019175249-A,29/03/2018,2.0
JP-7028297-B1,29/09/2020,1.0
JP-WO2020008623-A1,06/07/2018,2.0
JP-2020080061-A,13/11/2018,2.0
JP-6967211-B1,22/07/2021,1.0
JP-2021521537-A,13/04/2018,2.0
JP-2022519438-A,19/12/2018,2.0
JP-2020170360-A,03/04/2019,2.0
JP-2021512412-A,06/05/2018,2.0
JP-2020024668-A,02/08/2018,2.0
JP-2020198060-A,04/06/2019,2.0
JP-6487091-B1,29/03/2018,2.0
JP-2021039564-A,03/09/2019,2.0
JP-2022500756-A,12/09/2018,2.0
JP-6592722-B1,02/05/2018,2.0
JP-6615946-B1,09/06/2018,2.0
JP-WO2020085266-A1,22/10/2018,2.0
JP-WO2020085267-A1,22/10/2018,2.0
JP-6478361-B1,11/08/2018,2.0
JP-6732309-B1,14/08/2019,2.0
JP-2023095086-A,24/12/2021,
JP-2023006292-A,30/06/2021,
JP-7054288-B1,20/08/2020,
JP-7324357-B1,21/12/2022,
JP-2023102518-A,12/01/2022,
JP-2022548552-A,12/09/2019,
JP-2022189744-A,11/06/2021,
JP-2022167892-A,22/04/2021,
JP-2022173124-A,06/05/2021,
JP-2023117344-A,10/02/2022,
JP-2022189722-A,11/06/2021,
JP-2022140376-A,11/03/2021,
JP-2023067688-A,10/02/2022,
JP-2022044815-A,29/01/2022,
JP-2023067685-A,27/01/2022,
JP-2023090602-A,17/12/2021,
JP-2022169427-A,27/04/2021,
JP-2023103033-A,13/01/2022,
JP-2023024340-A,06/08/2021,
JP-2023039388-A,06/01/2022,
JP-2023098204-A,28/12/2021,
JP-2022120785-A,05/02/2021,
JP-2023082413-A,02/12/2021,
JP-2023026348-A,13/08/2021,
JP-2022167763-A,22/04/2021,
JP-2022056424-A,11/11/2021,
JP-2023064966-A,27/10/2021,
JP-2023059190-A,14/10/2021,
JP-2023044766-A,21/09/2021,
JP-2023042816-A,15/09/2021,
JP-2023038100-A,06/09/2021,
JP-2023023279-A,04/08/2021,
JP-2023014548-A,19/07/2021,
JP-2023087859-A,14/12/2021,
JP-2022191980-A,16/06/2021,
JP-2022191974-A,16/06/2021,
JP-2023533206-A,24/06/2020,
JP-2023529467-A,12/06/2020,
JP-2022157519-A,31/03/2021,
JP-2023518761-A,20/03/2020,
JP-2023509006-A,24/04/2020,
JP-2021093212-A,08/03/2021,
JP-2023513845-A,19/02/2020,
JP-2023513848-A,19/02/2020,
JP-2023515435-A,19/02/2020,
JP-2023516466-A,13/03/2020,
JP-2023516326-A,04/03/2020,
JP-2021039791-A,04/12/2020,
JP-2022084349-A,26/11/2020,
JP-2023521266-A,30/12/2019,
JP-2022549625-A,30/09/2019,
JP-2023075891-A,24/05/2022,
JP-2022545048-A,16/08/2019,
JP-2022552025-A,24/06/2020,
JP-2022538689-A,05/07/2019,
JP-2022547853-A,30/03/2020,
JP-2021035041-A,14/08/2019,
JP-2022527002-A,22/03/2019,
JP-2022528254-A,22/03/2019,
JP-2021086360-A,27/11/2019,
JP-2021087061-A,26/11/2019,
JP-2020047274-A,19/09/2018,
JP-2023094491-A,23/12/2021,
JP-2021048430-A,17/09/2019,
JP-2021044776-A,13/09/2019,
JP-2021043770-A,12/09/2019,
JP-2021532475-A,24/07/2018,
JP-2022536450-A,02/05/2019,
JP-2020119078-A,21/01/2019,
JP-2019167808-A,23/03/2018,
JP-2020065134-A,16/10/2018,
JP-2020061696-A,12/10/2018,
JP-2023071620-A,11/11/2021,
JP-7320311-B1,27/07/2022,
JP-7266227-B1,08/07/2022,
JP-7265068-B1,24/05/2022,
JP-7231771-B1,31/03/2022,
JP-7231291-B1,31/03/2022,
JP-2023026347-A,13/08/2021,
JP-7106778-B1,11/06/2021,
JP-7128977-B1,23/03/2022,
JP-7137032-B1,23/03/2022,
JP-7185080-B1,21/02/2022,
JP-7153153-B1,15/02/2022,
JP-3237943-U,27/01/2022,
JP-7180933-B1,17/12/2021,
JP-7169420-B1,22/04/2021,
JP-7246600-B1,12/10/2021,
JP-7104276-B1,04/08/2021,
JP-6982345-B1,06/10/2020,
JP-6935662-B1,19/08/2020,
JP-2023041646-A,11/09/2021,
JP-2023051818-A,30/09/2021,
JP-2022187006-A,22/04/2021,
JP-6852776-B1,26/11/2019,
JP-2023101735-A,27/10/2021,
JP-2023093457-A,23/03/2020,
JP-2023102263-A,11/01/2022,
JP-2023083228-A,03/12/2021,
JP-2023015223-A,08/11/2022,
JP-6935567-B1,05/10/2020,
JP-2021047570-A,18/09/2019,
JP-7223912-B1,25/11/2022,
JP-7297129-B1,29/08/2022,
JP-7197822-B1,07/04/2022,
JP-7100330-B1,06/10/2020,
JP-7134514-B1,31/03/2021,
JP-6977844-B1,29/09/2020,
JP-2023519180-A,26/03/2020,
JP-2022163648-A,14/04/2021,
JP-2020027381-A,10/08/2018,
JP-2020031337-A,22/08/2018,
JP-2020058008-A,26/09/2018,
JP-2020058007-A,26/09/2018,
JP-6863508-B1,19/03/2020,
JP-2023060877-A,22/04/2021,
JP-2021506051-A,06/12/2017,
JP-2022138078-A,09/03/2021,
JP-2023094555-A,23/12/2021,
JP-2022125129-A,28/06/2022,
JP-2022185579-A,02/06/2021,
JP-2022186590-A,04/06/2021,
JP-2023113422-A,03/02/2022,
JP-2023107560-A,24/01/2022,
JP-2023514007-A,20/12/2019,
JP-2022101466-A,24/12/2020,
JP-2023048946-A,12/10/2021,
JP-2023050788-A,30/09/2021,
JP-2023509806-A,27/11/2020,
JP-2023037442-A,03/09/2021,
JP-2023036489-A,02/09/2021,
JP-2023536296-A,03/08/2020,
JP-2023003894-A,24/06/2021,
JP-2022182526-A,28/05/2021,
JP-2020074559-A,10/01/2020,
JP-2022132733-A,01/03/2021,
JP-2021114248-A,21/01/2020,
JP-2021174170-A,22/04/2020,
JP-2021140765-A,28/02/2020,
JP-2022101819-A,25/12/2020,
JP-2023502820-A,28/10/2020,
JP-2023510711-A,08/01/2020,
JP-2023536027-A,29/07/2020,
JP-2022551915-A,16/10/2019,
JP-2022061223-A,06/10/2020,
JP-2023500258-A,31/10/2019,
JP-2022056019-A,29/09/2020,
JP-2022046928-A,11/09/2020,
JP-2022021081-A,21/07/2020,
JP-2022535497-A,29/04/2019,
JP-2021140715-A,28/02/2020,
JP-2022536734-A,19/07/2019,
JP-7233641-B1,31/03/2022,
JP-7274651-B1,29/06/2022,
JP-2023107825-A,17/06/2019,
JP-7191436-B1,02/04/2021,
JP-7117465-B1,04/02/2022,
JP-7029212-B1,29/10/2021,
JP-7268259-B1,15/03/2022,
JP-2021068340-A,28/10/2019,
JP-2019185513-A,13/04/2018,
JP-2023098985-A,08/09/2021,
JP-2020047122-A,20/09/2018,
JP-2020113209-A,16/01/2019,
JP-2021504845-A,13/06/2018,
JP-2020127109-A,04/02/2019,
JP-2020177327-A,16/04/2019,
JP-WO2019245041-A1,22/06/2018,
JP-2022512464-A,14/12/2018,
JP-WO2021100118-A1,19/11/2019,
JP-2022517869-A,08/01/2019,
JP-2021090113-A,03/12/2019,
JP-2023101765-A,17/06/2019,
JP-2021047572-A,18/09/2019,
JP-2021068130-A,21/10/2019,
JP-2023090641-A,17/12/2021,
JP-2023058031-A,12/10/2021,
JP-2023027775-A,17/08/2021,
JP-2023114418-A,04/02/2022,
JP-6691254-B1,29/05/2019,
JP-2022121619-A,30/06/2022,
JP-6730504-B1,27/11/2019,
JP-6884196-B1,06/12/2019,
JP-2022120111-A,10/06/2022,
JP-6751489-B1,31/01/2020,
JP-6874242-B1,20/02/2020,
JP-6885493-B1,19/03/2020,
JP-6895567-B1,14/07/2020,
JP-6894160-B1,13/12/2019,
JP-7015492-B1,24/06/2021,
JP-2021093581-A,09/12/2019,
JP-2021117947-A,29/01/2020,
JP-2021069103-A,31/01/2020,
JP-2021148850-A,17/03/2020,
JP-2023519507-A,25/03/2020,
JP-2022533179-A,24/05/2019,
JP-2022543733-A,26/06/2019,
JP-2022058961-A,29/09/2020,
JP-2022548173-A,17/09/2019,
JP-2023114258-A,04/02/2022,
JP-2022059707-A,02/10/2020,
JP-2023104360-A,17/01/2022,
JP-2023079648-A,29/11/2021,
JP-2023075841-A,19/11/2021,
JP-2023074246-A,17/11/2021,
JP-2023066919-A,29/10/2021,
JP-2023037167-A,03/09/2021,
JP-2023036448-A,02/09/2021,
JP-2023020345-A,30/07/2021,
JP-2023016536-A,21/07/2021,
JP-2023007937-A,02/07/2021,
JP-2023532356-A,28/06/2020,
JP-2023502057-A,15/11/2019,
JP-2023000898-A,18/06/2021,
JP-2022191081-A,15/06/2021,
JP-2023531561-A,27/06/2020,
JP-2023532211-A,17/06/2020,
JP-2023519330-A,27/03/2020,
JP-2023527030-A,28/05/2020,
JP-WO2021117406-A1,13/12/2019,
JP-2022121960-A,09/02/2021,
JP-2022125378-A,17/02/2021,
JP-2022158363-A,01/04/2021,
JP-2022156869-A,31/03/2021,
JP-2022149878-A,25/03/2021,
JP-2020129282-A,08/02/2019,
JP-2023106055-A,20/01/2022,
JP-2020016980-A,24/07/2018,
JP-2020043464-A,11/09/2018,
JP-2021190989-A,26/05/2020,
JP-2021140753-A,09/03/2020,
JP-2022551013-A,26/11/2019,
JP-2020076877-A,08/11/2018,
JP-2022057735-A,30/09/2020,
JP-2020079891-A,14/11/2018,
JP-2020086868-A,22/11/2018,
JP-2020098972-A,17/12/2018,
JP-2021507617-A,22/12/2017,
JP-2017049732-A,31/08/2015,
JP-2020126283-A,31/01/2019,
JP-2022111758-A,20/01/2021,
JP-2022547657-A,06/09/2019,
JP-2020129283-A,08/02/2019,
JP-2020187739-A,09/05/2019,
JP-2020174297-A,11/04/2019,
JP-2023515046-A,19/02/2020,
JP-2019200786-A,18/05/2018,
JP-2023103536-A,14/01/2022,
JP-2020201660-A,07/06/2019,
JP-2021530177-A,21/07/2018,
JP-2022035296-A,20/08/2020,
JP-2023513846-A,19/02/2020,
JP-2021018720-A,23/07/2019,
JP-2022548288-A,17/09/2019,
JP-2023513849-A,19/02/2020,
JP-2021184227-A,20/05/2020,
JP-2020184291-A,26/04/2019,
JP-2021184118-A,20/05/2020,
JP-2022509592-A,08/11/2018,
JP-2021093016-A,11/12/2019,
JP-2021129221-A,14/02/2020,
JP-2021140630-A,09/03/2020,
JP-2021149506-A,19/03/2020,
JP-7272549-B1,26/09/2022,
JP-7180943-B1,14/09/2022,
JP-3239726-U,11/09/2021,
JP-7241284-B1,31/03/2022,
JP-7204272-B1,09/08/2022,
JP-7201866-B1,29/07/2022,
JP-2022146734-A,22/03/2021,
JP-7228301-B1,15/06/2022,
JP-7300772-B1,28/04/2022,
JP-7187085-B1,03/03/2022,
JP-7195673-B1,23/02/2022,
JP-7236774-B1,23/02/2022,
JP-7090202-B1,24/11/2021,
JP-7175046-B1,09/11/2021,
JP-7253678-B1,21/10/2021,
JP-7108765-B1,10/08/2021,
JP-7081856-B1,17/06/2021,
JP-7015491-B1,16/06/2021,
JP-6982352-B1,08/06/2021,
JP-6905244-B1,12/02/2021,
JP-7048039-B1,15/01/2021,
JP-6894658-B1,12/11/2020,
JP-6797450-B1,04/06/2020,
JP-6930768-B1,02/06/2020,
JP-6915729-B1,19/03/2020,
JP-6738113-B1,20/05/2020,
JP-6826715-B1,09/03/2020,
JP-6898480-B1,22/01/2020,
JP-6809768-B1,20/12/2019,
JP-6466011-B1,13/04/2018,
JP-6556901-B1,13/04/2018,
JP-2023099052-A,19/03/2020,
JP-2023097391-A,27/12/2021,
JP-2023087665-A,13/12/2021,
JP-2022146305-A,22/03/2021,
JP-2023095786-A,24/12/2021,
JP-2023060814-A,18/10/2021,
JP-2022141962-A,02/08/2021,
JP-2023007389-A,29/06/2021,
JP-2022145531-A,19/03/2021,
JP-2023107165-A,21/01/2022,
JP-2019185523-A,13/04/2018,
JP-2022156182-A,31/03/2021,
JP-2022533752-A,24/05/2019,
JP-2023102883-A,13/01/2022,
JP-2023102725-A,12/01/2022,
JP-2023100076-A,05/01/2022,
JP-2023521015-A,03/04/2020,
JP-2023097087-A,27/12/2021,
JP-2023095004-A,24/12/2021,
JP-2023095574-A,24/12/2021,
JP-2023093249-A,22/12/2021,
JP-2023066338-A,28/10/2021,
JP-2023088600-A,15/12/2021,
JP-2023077333-A,24/11/2021,
JP-2022009689-A,26/04/2019,
JP-2023062288-A,21/10/2021,
JP-2023057966-A,12/10/2021,
JP-2023522119-A,21/04/2020,
JP-2023528496-A,03/06/2020,
JP-2022172864-A,07/05/2021,
JP-2022167752-A,22/04/2021,
JP-2023041493-A,13/09/2021,
JP-2023039255-A,08/09/2021,
JP-2022551025-A,10/09/2020,
JP-2023534764-A,24/08/2020,
JP-2023021874-A,02/08/2021,
JP-2023535914-A,24/07/2020,
JP-2021168177-A,26/12/2019,
JP-2021185476-A,13/05/2020,
JP-2023004074-A,25/06/2021,
JP-2022002389-A,19/06/2020,
JP-2022187692-A,08/06/2021,
JP-2023106185-A,20/01/2022,
